,Test,SELECTION_SCHEME,NUM_PARTS,MUTATION_LEVEL,MUTATION_STEP_SIZE,COST_MODEL,RERUN compile,Frontend,Optimizations,Assignment,Lowering,Compile,Total_time_0_compile,Total_memory_0_compile,Client exec time,Server exec time,Server load time,Server total time,Client load time,Client total time,Total_time_0_running,Total_memory_0_running
main,biomatch,a+b,3,4,1,hycc,0,0.046436108,0.12383372799999999,0.0017844279999999998,0.027017999,0.197317726,0.2,0.038336,0.54017,0.53765,0.094541,0.63219,0.092587,0.6327,0.64,0.076192
match_decomposed,biomatch,a+b,3,4,1,hycc,0,0.046436108,0.12383372799999999,0.002604678,0.027017999,0.197317726,0.2,0.038336,0.54017,0.53765,0.094541,0.63219,0.092587,0.6327,0.64,0.076192
match_fix,biomatch,a+b,3,4,1,hycc,0,0.046436108,0.12383372799999999,0.0013703749999999998,0.027017999,0.197317726,0.2,0.038336,0.54017,0.53765,0.094541,0.63219,0.092587,0.6327,0.64,0.076192
min,biomatch,a+b,3,4,1,hycc,0,0.046436108,0.12383372799999999,0.001747957,0.027017999,0.197317726,0.2,0.038336,0.54017,0.53765,0.094541,0.63219,0.092587,0.6327,0.64,0.076192
