,TEST,SELECTION_SCHEME,NUM_PARTS,MUTATION_LEVEL,MUTATION_STEP_SIZE,COST_MODEL,RERUN compile,Frontend,Optimizations,Assignment,Lowering,Compile,Total_time_0_compile,Total_memory_0_compile,Client exec time,Server exec time,Client load time,Client total time,Server load time,Server total time,Total_time_0_running,Total_memory_0_running
0,biomatch,a+y,3,4,1,hycc,0,0.055264377,0.138873103,"{'main': 0.001918077, 'match_decomposed': 0.002586028, 'match_fix': 0.001475926, 'min': 0.001755117}",0.027198984,0.221370316,0.22,0.038156,2.2282,2.2298,0.96264,3.1908,0.96187,3.1917,3.2,0.698272
1,biomatch,b,3,4,1,hycc,0,0.048374835,0.119676787,"{'main': 0.000373676, 'match_decomposed': 0.001063863, 'match_fix': 3.982e-06, 'min': 0.00027681099999999996}",0.022008242,0.190093256,0.19,0.038248,3.2,3.2056,0.93394,4.1342,0.92695,4.1326,4.14,0.633268
2,biomatch,glp,3,4,1,hycc,0,0.052750457,0.151092468,"{'main': 0.065130697, 'match_decomposed': 0.29459351500000003, 'match_fix': 0.0056973760000000005, 'min': 0.082820974}",0.472215371,0.676097415,0.68,0.07384,0.39175,0.39064,0.083631,0.47539,0.084312,0.47496,0.48,0.069536
3,biomatch,greedy,3,4,1,hycc,0,0.04504533,0.119524774,"{'main': 0.001787191, 'match_decomposed': 0.002585973, 'match_fix': 0.001446538, 'min': 0.001763286}",0.027021402,0.191623729,0.2,0.038336,2.0753,2.0703,0.98404,3.0593,0.98455,3.0549,3.07,0.704068
4,biomatch,a+b,3,4,1,hycc,0,0.046455321,0.126789745,"{'main': 0.001810006, 'match_decomposed': 0.002583364, 'match_fix': 0.001475851, 'min': 0.001764673}",0.027041135,0.20031609700000003,0.2,0.03794,0.51236,0.4942,0.074389,0.58675,0.090263,0.58447,0.59,0.074624
5,biomatch,lp,3,4,1,hycc,0,0.04801276,0.118653034,"{'main': 0.064530558, 'match_decomposed': 0.296540138, 'match_fix': 0.005899805, 'min': 0.084275729}",0.473337128,0.640036102,0.64,0.073884,0.37443,0.3758,0.072008,0.44644,0.07127,0.44708,0.45,0.069712
6,biomatch,y,3,4,1,hycc,0,0.053127296000000004,0.152250526,"{'main': 0.000355355, 'match_decomposed': 0.001099335, 'match_fix': 4.057e-06, 'min': 0.000289926}",0.022277232,0.227690844,0.23,0.038564,1.6725,1.6781,0.9551,2.6276,0.95015,2.6283,2.64,0.659572
