,Test,SELECTION_SCHEME,NUM_PARTS,MUTATION_LEVEL,MUTATION_STEP_SIZE,COST_MODEL,RERUN compile,Frontend,Optimizations,Assignment,Lowering,Compile,Total_time_0_compile,Total_memory_0_compile,Server exec time,Client exec time,Server load time,Server total time,Client load time,Client total time,Total_time_0_running,Total_memory_0_running
main,biomatch,lp,3,4,1,hycc,0,0.051577137,0.14789894899999997,0.07601973599999999,0.469701229,0.669223349,0.67,0.07366,0.36614,0.37531,0.071497,0.43764,0.064778,0.44009,0.44,0.069552
match_decomposed,biomatch,lp,3,4,1,hycc,0,0.051577137,0.14789894899999997,0.28598923200000004,0.469701229,0.669223349,0.67,0.07366,0.36614,0.37531,0.071497,0.43764,0.064778,0.44009,0.44,0.069552
match_fix,biomatch,lp,3,4,1,hycc,0,0.051577137,0.14789894899999997,0.005559843,0.469701229,0.669223349,0.67,0.07366,0.36614,0.37531,0.071497,0.43764,0.064778,0.44009,0.44,0.069552
min,biomatch,lp,3,4,1,hycc,0,0.051577137,0.14789894899999997,0.080255856,0.469701229,0.669223349,0.67,0.07366,0.36614,0.37531,0.071497,0.43764,0.064778,0.44009,0.44,0.069552
