,Test,SELECTION_SCHEME,NUM_PARTS,MUTATION_LEVEL,MUTATION_STEP_SIZE,COST_MODEL,RERUN compile,Frontend,Optimizations,Assignment,Lowering,Compile,Total_time_0_compile,Total_memory_0_compile,Client exec time,Server exec time,Server load time,Server total time,Client load time,Client total time,Total_time_0_running,Total_memory_0_running
main,biomatch,b,3,4,1,hycc,0,0.047866,0.126237466,0.000355668,0.020480856,0.19462229199999997,0.2,0.038104,2.6309,2.6276,0.93701,3.5646,0.93341,3.5644,3.57,0.633384
match_decomposed,biomatch,b,3,4,1,hycc,0,0.047866,0.126237466,0.001002535,0.020480856,0.19462229199999997,0.2,0.038104,2.6309,2.6276,0.93701,3.5646,0.93341,3.5644,3.57,0.633384
match_fix,biomatch,b,3,4,1,hycc,0,0.047866,0.126237466,3.7e-06,0.020480856,0.19462229199999997,0.2,0.038104,2.6309,2.6276,0.93701,3.5646,0.93341,3.5644,3.57,0.633384
min,biomatch,b,3,4,1,hycc,0,0.047866,0.126237466,0.000265291,0.020480856,0.19462229199999997,0.2,0.038104,2.6309,2.6276,0.93701,3.5646,0.93341,3.5644,3.57,0.633384
