,Test,SELECTION_SCHEME,NUM_PARTS,MUTATION_LEVEL,MUTATION_STEP_SIZE,COST_MODEL,RERUN compile,Frontend,Optimizations,Assignment,Lowering,Compile,Total_time_0_compile,Total_memory_0_compile,Server exec time,Client exec time,Client load time,Client total time,Server load time,Server total time,Total_time_0_running,Total_memory_0_running
main,biomatch,y,3,4,1,hycc,0,0.043191896,0.118908303,0.00034760199999999997,0.020729485,0.182865153,0.19,0.038248,1.6069,1.6102,0.90697,2.5172,0.90902,2.5159,2.52,0.663316
match_decomposed,biomatch,y,3,4,1,hycc,0,0.043191896,0.118908303,0.000999707,0.020729485,0.182865153,0.19,0.038248,1.6069,1.6102,0.90697,2.5172,0.90902,2.5159,2.52,0.663316
match_fix,biomatch,y,3,4,1,hycc,0,0.043191896,0.118908303,3.882e-06,0.020729485,0.182865153,0.19,0.038248,1.6069,1.6102,0.90697,2.5172,0.90902,2.5159,2.52,0.663316
min,biomatch,y,3,4,1,hycc,0,0.043191896,0.118908303,0.00026562099999999996,0.020729485,0.182865153,0.19,0.038248,1.6069,1.6102,0.90697,2.5172,0.90902,2.5159,2.52,0.663316
