,Test,SELECTION_SCHEME,NUM_PARTS,MUTATION_LEVEL,MUTATION_STEP_SIZE,COST_MODEL,RERUN compile,Frontend,Optimizations,Assignment,Lowering,Compile,Total_time_0_compile,Total_memory_0_compile,Server exec time,Client exec time,Server load time,Server total time,Client load time,Client total time,Total_time_0_running,Total_memory_0_running
main,biomatch,glp,3,4,1,hycc,0,0.049523562,0.11730705799999999,0.060224111999999996,0.45350628,0.620374878,0.62,0.073904,0.37292,0.38267,0.072184,0.44511,0.065004,0.44768,0.45,0.069176
match_decomposed,biomatch,glp,3,4,1,hycc,0,0.049523562,0.11730705799999999,0.284832919,0.45350628,0.620374878,0.62,0.073904,0.37292,0.38267,0.072184,0.44511,0.065004,0.44768,0.45,0.069176
match_fix,biomatch,glp,3,4,1,hycc,0,0.049523562,0.11730705799999999,0.005467576,0.45350628,0.620374878,0.62,0.073904,0.37292,0.38267,0.072184,0.44511,0.065004,0.44768,0.45,0.069176
min,biomatch,glp,3,4,1,hycc,0,0.049523562,0.11730705799999999,0.080271378,0.45350628,0.620374878,0.62,0.073904,0.37292,0.38267,0.072184,0.44511,0.065004,0.44768,0.45,0.069176
