,Test,SELECTION_SCHEME,NUM_PARTS,MUTATION_LEVEL,MUTATION_STEP_SIZE,COST_MODEL,RERUN compile,Frontend,Optimizations,Assignment,Lowering,Compile,Total_time_0_compile,Total_memory_0_compile,Client exec time,Server exec time,Server load time,Server total time,Client load time,Client total time,Total_time_0_running,Total_memory_0_running
main,biomatch,greedy,3,4,1,hycc,0,0.047546463000000004,0.116228442,0.001772119,0.026039593,0.189849796,0.19,0.038208,1.8287,1.8168,0.93637,2.753,0.92903,2.7577,2.76,0.704412
match_decomposed,biomatch,greedy,3,4,1,hycc,0,0.047546463000000004,0.116228442,0.002461914,0.026039593,0.189849796,0.19,0.038208,1.8287,1.8168,0.93637,2.753,0.92903,2.7577,2.76,0.704412
match_fix,biomatch,greedy,3,4,1,hycc,0,0.047546463000000004,0.116228442,0.001357439,0.026039593,0.189849796,0.19,0.038208,1.8287,1.8168,0.93637,2.753,0.92903,2.7577,2.76,0.704412
min,biomatch,greedy,3,4,1,hycc,0,0.047546463000000004,0.116228442,0.001724727,0.026039593,0.189849796,0.19,0.038208,1.8287,1.8168,0.93637,2.753,0.92903,2.7577,2.76,0.704412
