,TEST,SELECTION_SCHEME,MINIMIZATION_TIME,COST_MODEL,ARGUMENTS,RERUN,Client load time,Server load time,Total number of gates,Total depth,Total Time,Init Time,CircuitGen Time,Network Time,BaseOTs Time,Setup Time,OTExtension Time,Garbling Time,Online Time,Client exec time,Server exec time,Total_time,Total_memory
0,biomatch,yaohybrid,0,hycc,['--all-variants'],[0],0.27461,0.27625,136349,17,0.032529,2.9999999999999997e-05,4.2000000000000004e-05,0.014209,0.131995,0.020675000000000002,0.007847999999999999,0.012461,0.011852999999999999,0.18041,0.17875,[0.48],[0.112296]
1,biomatch,ps_optimized,0,hycc,['--all-variants'],[0],0.52326,0.5234,150420,66,0.042031,3.1e-05,3.9e-05,0.018743,0.145994,0.021613,0.01274,0.00878,0.020417,0.20679,0.20647,[0.81],[0.159164]
2,biomatch,yaoonly,0,hycc,['--all-variants'],[0],17.55,17.596,3283615,3,0.45931299999999997,4.9000000000000005e-05,5.1e-05,0.209707,0.158836,0.276411,0.0057729999999999995,0.270586,0.182901,0.82787,0.7848,[19.9],[2.628112]
3,biomatch,gmwhybrid,0,hycc,['--all-variants'],[0],0.31636,0.32393,151394,73,0.044662999999999994,4.4999999999999996e-05,4.4e-05,0.016149,0.13298,0.022595,0.012874,0.009603,0.022068,0.19382,0.18616,[0.54],[0.122016]
4,biomatch,gmwonly,0,hycc,['--all-variants'],[0],19.518,19.332,3437188,79,1.2922799999999999,4.7e-05,3.5999999999999994e-05,0.737318,0.17506200000000002,0.111998,0.111322,2e-06,1.18028,2.0183,2.204,[23.15],[2.701664]
